experiment_name,model_variant,dataset_variant,threshold,num_examples,accuracy,precision,recall,f1,avg_latency_ms,avg_confidence,cache_hits,cache_hit_rate,model_calls,tp,fp,fn,tn
test1_model_a_on_test,Model A,test,0.00,4808,0.4239,0.4239,1.0,0.5954,72.8,0.429,0,0.0,4808,2038,2770,0,0
test1_model_a_on_test,Model A,test,0.01,4808,0.7344,0.6153,0.9966,0.7608,72.8,0.429,0,0.0,4808,2031,1270,7,1500
test1_model_a_on_test,Model A,test,0.02,4808,0.8199,0.7046,0.9902,0.8233,72.8,0.429,0,0.0,4808,2018,846,20,1924
test1_model_a_on_test,Model A,test,0.03,4808,0.8621,0.7601,0.9858,0.8584,72.8,0.429,0,0.0,4808,2009,634,29,2136
test1_model_a_on_test,Model A,test,0.04,4808,0.8814,0.7885,0.9843,0.8756,72.8,0.429,0,0.0,4808,2006,538,32,2232
test1_model_a_on_test,Model A,test,0.05,4808,0.8925,0.806,0.9828,0.8857,72.8,0.429,0,0.0,4808,2003,482,35,2288
test1_model_a_on_test,Model A,test,0.06,4808,0.9054,0.8277,0.9809,0.8978,72.8,0.429,0,0.0,4808,1999,416,39,2354
test1_model_a_on_test,Model A,test,0.07,4808,0.9122,0.8412,0.9774,0.9042,72.8,0.429,0,0.0,4808,1992,376,46,2394
test1_model_a_on_test,Model A,test,0.08,4808,0.9199,0.8552,0.9764,0.9118,72.8,0.429,0,0.0,4808,1990,337,48,2433
test1_model_a_on_test,Model A,test,0.09,4808,0.9295,0.8734,0.975,0.9214,72.8,0.429,0,0.0,4808,1987,288,51,2482
test1_model_a_on_test,Model A,test,0.10,4808,0.9353,0.8853,0.9735,0.9273,72.8,0.429,0,0.0,4808,1984,257,54,2513
test1_model_a_on_test,Model A,test,0.11,4808,0.9386,0.892,0.973,0.9308,72.8,0.429,0,0.0,4808,1983,240,55,2530
test1_model_a_on_test,Model A,test,0.12,4808,0.9401,0.8963,0.9711,0.9322,72.8,0.429,0,0.0,4808,1979,229,59,2541
test1_model_a_on_test,Model A,test,0.13,4808,0.9416,0.8999,0.9701,0.9336,72.8,0.429,0,0.0,4808,1977,220,61,2550
test1_model_a_on_test,Model A,test,0.14,4808,0.9441,0.9052,0.9696,0.9363,72.8,0.429,0,0.0,4808,1976,207,62,2563
test1_model_a_on_test,Model A,test,0.15,4808,0.9451,0.9076,0.9691,0.9374,72.8,0.429,0,0.0,4808,1975,201,63,2569
test1_model_a_on_test,Model A,test,0.16,4808,0.9457,0.91,0.9676,0.9379,72.8,0.429,0,0.0,4808,1972,195,66,2575
test1_model_a_on_test,Model A,test,0.17,4808,0.9465,0.9125,0.9666,0.9388,72.8,0.429,0,0.0,4808,1970,189,68,2581
test1_model_a_on_test,Model A,test,0.18,4808,0.9472,0.9137,0.9666,0.9394,72.8,0.429,0,0.0,4808,1970,186,68,2584
test1_model_a_on_test,Model A,test,0.19,4808,0.9478,0.915,0.9666,0.9401,72.8,0.429,0,0.0,4808,1970,183,68,2587
test1_model_a_on_test,Model A,test,0.20,4808,0.9482,0.9162,0.9661,0.9405,72.8,0.429,0,0.0,4808,1969,180,69,2590
test1_model_a_on_test,Model A,test,0.21,4808,0.9488,0.9179,0.9657,0.9412,72.8,0.429,0,0.0,4808,1968,176,70,2594
test1_model_a_on_test,Model A,test,0.22,4808,0.9497,0.92,0.9652,0.942,72.8,0.429,0,0.0,4808,1967,171,71,2599
test1_model_a_on_test,Model A,test,0.23,4808,0.9499,0.9212,0.9642,0.9422,72.8,0.429,0,0.0,4808,1965,168,73,2602
test1_model_a_on_test,Model A,test,0.24,4808,0.9501,0.9225,0.9632,0.9424,72.8,0.429,0,0.0,4808,1963,165,75,2605
test1_model_a_on_test,Model A,test,0.25,4808,0.9505,0.9237,0.9627,0.9428,72.8,0.429,0,0.0,4808,1962,162,76,2608
test1_model_a_on_test,Model A,test,0.26,4808,0.9507,0.9246,0.9622,0.943,72.8,0.429,0,0.0,4808,1961,160,77,2610
test1_model_a_on_test,Model A,test,0.27,4808,0.9509,0.9254,0.9617,0.9432,72.8,0.429,0,0.0,4808,1960,158,78,2612
test1_model_a_on_test,Model A,test,0.28,4808,0.9509,0.9254,0.9617,0.9432,72.8,0.429,0,0.0,4808,1960,158,78,2612
test1_model_a_on_test,Model A,test,0.29,4808,0.9509,0.9254,0.9617,0.9432,72.8,0.429,0,0.0,4808,1960,158,78,2612
test1_model_a_on_test,Model A,test,0.30,4808,0.9507,0.9254,0.9612,0.943,72.8,0.429,0,0.0,4808,1959,158,79,2612
test1_model_a_on_test,Model A,test,0.31,4808,0.9509,0.9262,0.9607,0.9432,72.8,0.429,0,0.0,4808,1958,156,80,2614
test1_model_a_on_test,Model A,test,0.32,4808,0.9515,0.9287,0.9593,0.9438,72.8,0.429,0,0.0,4808,1955,150,83,2620
test1_model_a_on_test,Model A,test,0.33,4808,0.9517,0.9296,0.9588,0.944,72.8,0.429,0,0.0,4808,1954,148,84,2622
test1_model_a_on_test,Model A,test,0.34,4808,0.9517,0.9296,0.9588,0.944,72.8,0.429,0,0.0,4808,1954,148,84,2622
test1_model_a_on_test,Model A,test,0.35,4808,0.9524,0.9313,0.9583,0.9446,72.8,0.429,0,0.0,4808,1953,144,85,2626
test1_model_a_on_test,Model A,test,0.36,4808,0.9526,0.9318,0.9583,0.9448,72.8,0.429,0,0.0,4808,1953,143,85,2627
test1_model_a_on_test,Model A,test,0.37,4808,0.9528,0.9326,0.9578,0.945,72.8,0.429,0,0.0,4808,1952,141,86,2629
test1_model_a_on_test,Model A,test,0.38,4808,0.9536,0.9344,0.9578,0.946,72.8,0.429,0,0.0,4808,1952,137,86,2633
test1_model_a_on_test,Model A,test,0.39,4808,0.9536,0.9353,0.9568,0.9459,72.8,0.429,0,0.0,4808,1950,135,88,2635
test1_model_a_on_test,Model A,test,0.40,4808,0.9547,0.9375,0.9568,0.9471,72.8,0.429,0,0.0,4808,1950,130,88,2640
test1_model_a_on_test,Model A,test,0.41,4808,0.9547,0.9383,0.9558,0.947,72.8,0.429,0,0.0,4808,1948,128,90,2642
test1_model_a_on_test,Model A,test,0.42,4808,0.9549,0.9388,0.9558,0.9472,72.8,0.429,0,0.0,4808,1948,127,90,2643
test1_model_a_on_test,Model A,test,0.43,4808,0.9549,0.9401,0.9544,0.9472,72.8,0.429,0,0.0,4808,1945,124,93,2646
test1_model_a_on_test,Model A,test,0.44,4808,0.9551,0.9409,0.9539,0.9474,72.8,0.429,0,0.0,4808,1944,122,94,2648
test1_model_a_on_test,Model A,test,0.45,4808,0.9551,0.9409,0.9539,0.9474,72.8,0.429,0,0.0,4808,1944,122,94,2648
test1_model_a_on_test,Model A,test,0.46,4808,0.9557,0.9423,0.9539,0.9481,72.8,0.429,0,0.0,4808,1944,119,94,2651
test1_model_a_on_test,Model A,test,0.47,4808,0.9563,0.9441,0.9534,0.9487,72.8,0.429,0,0.0,4808,1943,115,95,2655
test1_model_a_on_test,Model A,test,0.48,4808,0.9561,0.9445,0.9524,0.9484,72.8,0.429,0,0.0,4808,1941,114,97,2656
test1_model_a_on_test,Model A,test,0.49,4808,0.9563,0.945,0.9524,0.9487,72.8,0.429,0,0.0,4808,1941,113,97,2657
test1_model_a_on_test,Model A,test,0.50,4808,0.9561,0.9458,0.9509,0.9484,72.8,0.429,0,0.0,4808,1938,111,100,2659
test1_model_a_on_test,Model A,test,0.51,4808,0.9565,0.9476,0.95,0.9488,72.8,0.429,0,0.0,4808,1936,107,102,2663
test1_model_a_on_test,Model A,test,0.52,4808,0.9559,0.9475,0.9485,0.948,72.8,0.429,0,0.0,4808,1933,107,105,2663
test1_model_a_on_test,Model A,test,0.53,4808,0.9553,0.9479,0.9465,0.9472,72.8,0.429,0,0.0,4808,1929,106,109,2664
test1_model_a_on_test,Model A,test,0.54,4808,0.9549,0.9479,0.9455,0.9467,72.8,0.429,0,0.0,4808,1927,106,111,2664
test1_model_a_on_test,Model A,test,0.55,4808,0.9545,0.9483,0.9441,0.9462,72.8,0.429,0,0.0,4808,1924,105,114,2665
test1_model_a_on_test,Model A,test,0.56,4808,0.9538,0.9482,0.9426,0.9454,72.8,0.429,0,0.0,4808,1921,105,117,2665
test1_model_a_on_test,Model A,test,0.57,4808,0.9538,0.9486,0.9421,0.9453,72.8,0.429,0,0.0,4808,1920,104,118,2666
test1_model_a_on_test,Model A,test,0.58,4808,0.9524,0.9489,0.9382,0.9435,72.8,0.429,0,0.0,4808,1912,103,126,2667
test1_model_a_on_test,Model A,test,0.59,4808,0.9526,0.9494,0.9382,0.9437,72.8,0.429,0,0.0,4808,1912,102,126,2668
test1_model_a_on_test,Model A,test,0.60,4808,0.9528,0.9503,0.9377,0.9439,72.8,0.429,0,0.0,4808,1911,100,127,2670
test1_model_a_on_test,Model A,test,0.61,4808,0.9526,0.9507,0.9367,0.9436,72.8,0.429,0,0.0,4808,1909,99,129,2671
test1_model_a_on_test,Model A,test,0.62,4808,0.9528,0.9521,0.9357,0.9438,72.8,0.429,0,0.0,4808,1907,96,131,2674
test1_model_a_on_test,Model A,test,0.63,4808,0.953,0.953,0.9352,0.944,72.8,0.429,0,0.0,4808,1906,94,132,2676
test1_model_a_on_test,Model A,test,0.64,4808,0.953,0.9539,0.9342,0.944,72.8,0.429,0,0.0,4808,1904,92,134,2678
test1_model_a_on_test,Model A,test,0.65,4808,0.9528,0.9543,0.9333,0.9437,72.8,0.429,0,0.0,4808,1902,91,136,2679
test1_model_a_on_test,Model A,test,0.66,4808,0.9522,0.9552,0.9308,0.9428,72.8,0.429,0,0.0,4808,1897,89,141,2681
test1_model_a_on_test,Model A,test,0.67,4808,0.9522,0.9566,0.9293,0.9428,72.8,0.429,0,0.0,4808,1894,86,144,2684
test1_model_a_on_test,Model A,test,0.68,4808,0.9526,0.958,0.9289,0.9432,72.8,0.429,0,0.0,4808,1893,83,145,2687
test1_model_a_on_test,Model A,test,0.69,4808,0.952,0.9589,0.9264,0.9424,72.8,0.429,0,0.0,4808,1888,81,150,2689
test1_model_a_on_test,Model A,test,0.70,4808,0.9509,0.9592,0.9235,0.941,72.8,0.429,0,0.0,4808,1882,80,156,2690
test1_model_a_on_test,Model A,test,0.71,4808,0.9509,0.9606,0.922,0.9409,72.8,0.429,0,0.0,4808,1879,77,159,2693
test1_model_a_on_test,Model A,test,0.72,4808,0.9513,0.9621,0.9215,0.9414,72.8,0.429,0,0.0,4808,1878,74,160,2696
test1_model_a_on_test,Model A,test,0.73,4808,0.9513,0.9626,0.921,0.9413,72.8,0.429,0,0.0,4808,1877,73,161,2697
test1_model_a_on_test,Model A,test,0.74,4808,0.9501,0.9639,0.9166,0.9396,72.8,0.429,0,0.0,4808,1868,70,170,2700
test1_model_a_on_test,Model A,test,0.75,4808,0.949,0.9647,0.9132,0.9382,72.8,0.429,0,0.0,4808,1861,68,177,2702
test1_model_a_on_test,Model A,test,0.76,4808,0.948,0.9661,0.9092,0.9368,72.8,0.429,0,0.0,4808,1853,65,185,2705
test1_model_a_on_test,Model A,test,0.77,4808,0.9465,0.967,0.9048,0.9349,72.8,0.429,0,0.0,4808,1844,63,194,2707
test1_model_a_on_test,Model A,test,0.78,4808,0.9455,0.9679,0.9014,0.9334,72.8,0.429,0,0.0,4808,1837,61,201,2709
test1_model_a_on_test,Model A,test,0.79,4808,0.9438,0.9702,0.895,0.9311,72.8,0.429,0,0.0,4808,1824,56,214,2714
test1_model_a_on_test,Model A,test,0.80,4808,0.9438,0.9727,0.8925,0.9309,72.8,0.429,0,0.0,4808,1819,51,219,2719
test1_model_a_on_test,Model A,test,0.81,4808,0.9428,0.9732,0.8896,0.9295,72.8,0.429,0,0.0,4808,1813,50,225,2720
test1_model_a_on_test,Model A,test,0.82,4808,0.9413,0.9741,0.8852,0.9275,72.8,0.429,0,0.0,4808,1804,48,234,2722
test1_model_a_on_test,Model A,test,0.83,4808,0.9409,0.9756,0.8827,0.9268,72.8,0.429,0,0.0,4808,1799,45,239,2725
test1_model_a_on_test,Model A,test,0.84,4808,0.9413,0.9787,0.8808,0.9272,72.8,0.429,0,0.0,4808,1795,39,243,2731
test1_model_a_on_test,Model A,test,0.85,4808,0.9407,0.9797,0.8783,0.9263,72.8,0.429,0,0.0,4808,1790,37,248,2733
test1_model_a_on_test,Model A,test,0.86,4808,0.9399,0.9813,0.8749,0.925,72.8,0.429,0,0.0,4808,1783,34,255,2736
test1_model_a_on_test,Model A,test,0.87,4808,0.9395,0.9823,0.8729,0.9244,72.8,0.429,0,0.0,4808,1779,32,259,2738
test1_model_a_on_test,Model A,test,0.88,4808,0.9389,0.9828,0.871,0.9235,72.8,0.429,0,0.0,4808,1775,31,263,2739
test1_model_a_on_test,Model A,test,0.89,4808,0.9384,0.9839,0.869,0.9229,72.8,0.429,0,0.0,4808,1771,29,267,2741
test1_model_a_on_test,Model A,test,0.90,4808,0.9374,0.9849,0.8656,0.9214,72.8,0.429,0,0.0,4808,1764,27,274,2743
test1_model_a_on_test,Model A,test,0.91,4808,0.9357,0.9849,0.8616,0.9191,72.8,0.429,0,0.0,4808,1756,27,282,2743
test1_model_a_on_test,Model A,test,0.92,4808,0.9347,0.9854,0.8587,0.9177,72.8,0.429,0,0.0,4808,1750,26,288,2744
test1_model_a_on_test,Model A,test,0.93,4808,0.9332,0.9853,0.8553,0.9157,72.8,0.429,0,0.0,4808,1743,26,295,2744
test1_model_a_on_test,Model A,test,0.94,4808,0.9326,0.9853,0.8538,0.9148,72.8,0.429,0,0.0,4808,1740,26,298,2744
test1_model_a_on_test,Model A,test,0.95,4808,0.9316,0.9863,0.8503,0.9133,72.8,0.429,0,0.0,4808,1733,24,305,2746
test1_model_a_on_test,Model A,test,0.96,4808,0.9297,0.9874,0.8449,0.9106,72.8,0.429,0,0.0,4808,1722,22,316,2748
test1_model_a_on_test,Model A,test,0.97,4808,0.9278,0.989,0.8391,0.9079,72.8,0.429,0,0.0,4808,1710,19,328,2751
test1_model_a_on_test,Model A,test,0.98,4808,0.9226,0.9935,0.8229,0.9002,72.8,0.429,0,0.0,4808,1677,11,361,2759
test1_model_a_on_test,Model A,test,0.99,4808,0.911,0.9963,0.7929,0.8831,72.8,0.429,0,0.0,4808,1616,6,422,2764
test1_model_a_on_test,Model A,test,1.00,4808,0.5761,0.0,0.0,0.0,72.8,0.429,0,0.0,4808,0,0,2038,2770
test2_model_a_on_mutated_data,Model A,mutated_data,0.00,9012,0.4834,0.4834,1.0,0.6517,38.537,0.6458,0,0.0,9012,4356,4656,0,0
test2_model_a_on_mutated_data,Model A,mutated_data,0.01,9012,0.5707,0.5297,0.9956,0.6915,38.537,0.6458,0,0.0,9012,4337,3850,19,806
test2_model_a_on_mutated_data,Model A,mutated_data,0.02,9012,0.6152,0.5576,0.9871,0.7126,38.537,0.6458,0,0.0,9012,4300,3412,56,1244
test2_model_a_on_mutated_data,Model A,mutated_data,0.03,9012,0.6343,0.5709,0.9798,0.7214,38.537,0.6458,0,0.0,9012,4268,3208,88,1448
test2_model_a_on_mutated_data,Model A,mutated_data,0.04,9012,0.6454,0.5792,0.9736,0.7263,38.537,0.6458,0,0.0,9012,4241,3081,115,1575
test2_model_a_on_mutated_data,Model A,mutated_data,0.05,9012,0.6509,0.5838,0.9672,0.7281,38.537,0.6458,0,0.0,9012,4213,3003,143,1653
test2_model_a_on_mutated_data,Model A,mutated_data,0.06,9012,0.6566,0.5884,0.9637,0.7307,38.537,0.6458,0,0.0,9012,4198,2937,158,1719
test2_model_a_on_mutated_data,Model A,mutated_data,0.07,9012,0.6632,0.5936,0.9614,0.734,38.537,0.6458,0,0.0,9012,4188,2867,168,1789
test2_model_a_on_mutated_data,Model A,mutated_data,0.08,9012,0.6677,0.5973,0.9591,0.7361,38.537,0.6458,0,0.0,9012,4178,2817,178,1839
test2_model_a_on_mutated_data,Model A,mutated_data,0.09,9012,0.6698,0.5993,0.9562,0.7368,38.537,0.6458,0,0.0,9012,4165,2785,191,1871
test2_model_a_on_mutated_data,Model A,mutated_data,0.10,9012,0.6743,0.6032,0.9534,0.7389,38.537,0.6458,0,0.0,9012,4153,2732,203,1924
test2_model_a_on_mutated_data,Model A,mutated_data,0.11,9012,0.6761,0.6052,0.9493,0.7391,38.537,0.6458,0,0.0,9012,4135,2698,221,1958
test2_model_a_on_mutated_data,Model A,mutated_data,0.12,9012,0.6803,0.6087,0.9481,0.7414,38.537,0.6458,0,0.0,9012,4130,2655,226,2001
test2_model_a_on_mutated_data,Model A,mutated_data,0.13,9012,0.6833,0.6114,0.9465,0.7429,38.537,0.6458,0,0.0,9012,4123,2621,233,2035
test2_model_a_on_mutated_data,Model A,mutated_data,0.14,9012,0.6855,0.6135,0.944,0.7437,38.537,0.6458,0,0.0,9012,4112,2590,244,2066
test2_model_a_on_mutated_data,Model A,mutated_data,0.15,9012,0.6874,0.6153,0.9428,0.7446,38.537,0.6458,0,0.0,9012,4107,2568,249,2088
test2_model_a_on_mutated_data,Model A,mutated_data,0.16,9012,0.6896,0.6173,0.9419,0.7458,38.537,0.6458,0,0.0,9012,4103,2544,253,2112
test2_model_a_on_mutated_data,Model A,mutated_data,0.17,9012,0.6914,0.6192,0.9392,0.7463,38.537,0.6458,0,0.0,9012,4091,2516,265,2140
test2_model_a_on_mutated_data,Model A,mutated_data,0.18,9012,0.6943,0.6219,0.9373,0.7477,38.537,0.6458,0,0.0,9012,4083,2482,273,2174
test2_model_a_on_mutated_data,Model A,mutated_data,0.19,9012,0.6963,0.6239,0.936,0.7487,38.537,0.6458,0,0.0,9012,4077,2458,279,2198
test2_model_a_on_mutated_data,Model A,mutated_data,0.20,9012,0.6983,0.6259,0.9343,0.7496,38.537,0.6458,0,0.0,9012,4070,2433,286,2223
test2_model_a_on_mutated_data,Model A,mutated_data,0.21,9012,0.6994,0.6271,0.9327,0.75,38.537,0.6458,0,0.0,9012,4063,2416,293,2240
test2_model_a_on_mutated_data,Model A,mutated_data,0.22,9012,0.6994,0.6274,0.9309,0.7496,38.537,0.6458,0,0.0,9012,4055,2408,301,2248
test2_model_a_on_mutated_data,Model A,mutated_data,0.23,9012,0.7,0.6283,0.9286,0.7495,38.537,0.6458,0,0.0,9012,4045,2393,311,2263
test2_model_a_on_mutated_data,Model A,mutated_data,0.24,9012,0.7012,0.6297,0.927,0.7499,38.537,0.6458,0,0.0,9012,4038,2375,318,2281
test2_model_a_on_mutated_data,Model A,mutated_data,0.25,9012,0.7017,0.6306,0.9247,0.7498,38.537,0.6458,0,0.0,9012,4028,2360,328,2296
test2_model_a_on_mutated_data,Model A,mutated_data,0.26,9012,0.7035,0.6324,0.9233,0.7507,38.537,0.6458,0,0.0,9012,4022,2338,334,2318
test2_model_a_on_mutated_data,Model A,mutated_data,0.27,9012,0.7052,0.634,0.9226,0.7516,38.537,0.6458,0,0.0,9012,4019,2320,337,2336
test2_model_a_on_mutated_data,Model A,mutated_data,0.28,9012,0.7058,0.6348,0.9215,0.7518,38.537,0.6458,0,0.0,9012,4014,2309,342,2347
test2_model_a_on_mutated_data,Model A,mutated_data,0.29,9012,0.7058,0.6354,0.9183,0.7511,38.537,0.6458,0,0.0,9012,4000,2295,356,2361
test2_model_a_on_mutated_data,Model A,mutated_data,0.30,9012,0.7063,0.6362,0.9162,0.751,38.537,0.6458,0,0.0,9012,3991,2282,365,2374
test2_model_a_on_mutated_data,Model A,mutated_data,0.31,9012,0.7073,0.6373,0.9153,0.7514,38.537,0.6458,0,0.0,9012,3987,2269,369,2387
test2_model_a_on_mutated_data,Model A,mutated_data,0.32,9012,0.7083,0.6384,0.9141,0.7518,38.537,0.6458,0,0.0,9012,3982,2255,374,2401
test2_model_a_on_mutated_data,Model A,mutated_data,0.33,9012,0.7088,0.6392,0.913,0.7519,38.537,0.6458,0,0.0,9012,3977,2245,379,2411
test2_model_a_on_mutated_data,Model A,mutated_data,0.34,9012,0.7093,0.6397,0.9125,0.7521,38.537,0.6458,0,0.0,9012,3975,2239,381,2417
test2_model_a_on_mutated_data,Model A,mutated_data,0.35,9012,0.7095,0.6403,0.9107,0.7519,38.537,0.6458,0,0.0,9012,3967,2229,389,2427
test2_model_a_on_mutated_data,Model A,mutated_data,0.36,9012,0.7095,0.6405,0.9093,0.7516,38.537,0.6458,0,0.0,9012,3961,2223,395,2433
test2_model_a_on_mutated_data,Model A,mutated_data,0.37,9012,0.7102,0.6414,0.9079,0.7518,38.537,0.6458,0,0.0,9012,3955,2211,401,2445
test2_model_a_on_mutated_data,Model A,mutated_data,0.38,9012,0.7108,0.6422,0.907,0.752,38.537,0.6458,0,0.0,9012,3951,2201,405,2455
test2_model_a_on_mutated_data,Model A,mutated_data,0.39,9012,0.7115,0.6431,0.9056,0.7521,38.537,0.6458,0,0.0,9012,3945,2189,411,2467
test2_model_a_on_mutated_data,Model A,mutated_data,0.40,9012,0.7124,0.6442,0.9045,0.7525,38.537,0.6458,0,0.0,9012,3940,2176,416,2480
test2_model_a_on_mutated_data,Model A,mutated_data,0.41,9012,0.7136,0.6455,0.9038,0.7531,38.537,0.6458,0,0.0,9012,3937,2162,419,2494
test2_model_a_on_mutated_data,Model A,mutated_data,0.42,9012,0.714,0.6462,0.9027,0.7532,38.537,0.6458,0,0.0,9012,3932,2153,424,2503
test2_model_a_on_mutated_data,Model A,mutated_data,0.43,9012,0.7146,0.6469,0.902,0.7534,38.537,0.6458,0,0.0,9012,3929,2145,427,2511
test2_model_a_on_mutated_data,Model A,mutated_data,0.44,9012,0.7145,0.6471,0.9004,0.753,38.537,0.6458,0,0.0,9012,3922,2139,434,2517
test2_model_a_on_mutated_data,Model A,mutated_data,0.45,9012,0.715,0.6478,0.8997,0.7532,38.537,0.6458,0,0.0,9012,3919,2131,437,2525
test2_model_a_on_mutated_data,Model A,mutated_data,0.46,9012,0.7158,0.6488,0.8983,0.7534,38.537,0.6458,0,0.0,9012,3913,2118,443,2538
test2_model_a_on_mutated_data,Model A,mutated_data,0.47,9012,0.7162,0.6495,0.8965,0.7533,38.537,0.6458,0,0.0,9012,3905,2107,451,2549
test2_model_a_on_mutated_data,Model A,mutated_data,0.48,9012,0.7167,0.6503,0.8953,0.7534,38.537,0.6458,0,0.0,9012,3900,2097,456,2559
test2_model_a_on_mutated_data,Model A,mutated_data,0.49,9012,0.7176,0.6515,0.8937,0.7537,38.537,0.6458,0,0.0,9012,3893,2082,463,2574
test2_model_a_on_mutated_data,Model A,mutated_data,0.50,9012,0.7182,0.6523,0.8926,0.7538,38.537,0.6458,0,0.0,9012,3888,2072,468,2584
test2_model_a_on_mutated_data,Model A,mutated_data,0.51,9012,0.7196,0.654,0.8916,0.7545,38.537,0.6458,0,0.0,9012,3884,2055,472,2601
test2_model_a_on_mutated_data,Model A,mutated_data,0.52,9012,0.7195,0.6542,0.89,0.7541,38.537,0.6458,0,0.0,9012,3877,2049,479,2607
test2_model_a_on_mutated_data,Model A,mutated_data,0.53,9012,0.721,0.656,0.8891,0.755,38.537,0.6458,0,0.0,9012,3873,2031,483,2625
test2_model_a_on_mutated_data,Model A,mutated_data,0.54,9012,0.722,0.6572,0.8882,0.7554,38.537,0.6458,0,0.0,9012,3869,2018,487,2638
test2_model_a_on_mutated_data,Model A,mutated_data,0.55,9012,0.7231,0.6586,0.8871,0.7559,38.537,0.6458,0,0.0,9012,3864,2003,492,2653
test2_model_a_on_mutated_data,Model A,mutated_data,0.56,9012,0.7231,0.6591,0.885,0.7555,38.537,0.6458,0,0.0,9012,3855,1994,501,2662
test2_model_a_on_mutated_data,Model A,mutated_data,0.57,9012,0.7243,0.6606,0.8834,0.7559,38.537,0.6458,0,0.0,9012,3848,1977,508,2679
test2_model_a_on_mutated_data,Model A,mutated_data,0.58,9012,0.7248,0.6615,0.882,0.756,38.537,0.6458,0,0.0,9012,3842,1966,514,2690
test2_model_a_on_mutated_data,Model A,mutated_data,0.59,9012,0.7261,0.6631,0.8811,0.7567,38.537,0.6458,0,0.0,9012,3838,1950,518,2706
test2_model_a_on_mutated_data,Model A,mutated_data,0.60,9012,0.7269,0.6642,0.8799,0.757,38.537,0.6458,0,0.0,9012,3833,1938,523,2718
test2_model_a_on_mutated_data,Model A,mutated_data,0.61,9012,0.7277,0.6653,0.8788,0.7573,38.537,0.6458,0,0.0,9012,3828,1926,528,2730
test2_model_a_on_mutated_data,Model A,mutated_data,0.62,9012,0.7283,0.6663,0.8772,0.7573,38.537,0.6458,0,0.0,9012,3821,1914,535,2742
test2_model_a_on_mutated_data,Model A,mutated_data,0.63,9012,0.7281,0.6666,0.8756,0.7569,38.537,0.6458,0,0.0,9012,3814,1908,542,2748
test2_model_a_on_mutated_data,Model A,mutated_data,0.64,9012,0.7297,0.6687,0.8737,0.7576,38.537,0.6458,0,0.0,9012,3806,1886,550,2770
test2_model_a_on_mutated_data,Model A,mutated_data,0.65,9012,0.7307,0.6701,0.8724,0.758,38.537,0.6458,0,0.0,9012,3800,1871,556,2785
test2_model_a_on_mutated_data,Model A,mutated_data,0.66,9012,0.7315,0.6714,0.8703,0.758,38.537,0.6458,0,0.0,9012,3791,1855,565,2801
test2_model_a_on_mutated_data,Model A,mutated_data,0.67,9012,0.7321,0.6727,0.8685,0.7581,38.537,0.6458,0,0.0,9012,3783,1841,573,2815
test2_model_a_on_mutated_data,Model A,mutated_data,0.68,9012,0.7329,0.674,0.8666,0.7583,38.537,0.6458,0,0.0,9012,3775,1826,581,2830
test2_model_a_on_mutated_data,Model A,mutated_data,0.69,9012,0.7336,0.6751,0.8652,0.7584,38.537,0.6458,0,0.0,9012,3769,1814,587,2842
test2_model_a_on_mutated_data,Model A,mutated_data,0.70,9012,0.7346,0.6766,0.8636,0.7588,38.537,0.6458,0,0.0,9012,3762,1798,594,2858
test2_model_a_on_mutated_data,Model A,mutated_data,0.71,9012,0.7354,0.6782,0.8611,0.7588,38.537,0.6458,0,0.0,9012,3751,1780,605,2876
test2_model_a_on_mutated_data,Model A,mutated_data,0.72,9012,0.7359,0.6795,0.8586,0.7586,38.537,0.6458,0,0.0,9012,3740,1764,616,2892
test2_model_a_on_mutated_data,Model A,mutated_data,0.73,9012,0.7369,0.681,0.8572,0.759,38.537,0.6458,0,0.0,9012,3734,1749,622,2907
test2_model_a_on_mutated_data,Model A,mutated_data,0.74,9012,0.7381,0.683,0.8551,0.7594,38.537,0.6458,0,0.0,9012,3725,1729,631,2927
test2_model_a_on_mutated_data,Model A,mutated_data,0.75,9012,0.7382,0.6839,0.8524,0.7589,38.537,0.6458,0,0.0,9012,3713,1716,643,2940
test2_model_a_on_mutated_data,Model A,mutated_data,0.76,9012,0.7398,0.6863,0.8503,0.7596,38.537,0.6458,0,0.0,9012,3704,1693,652,2963
test2_model_a_on_mutated_data,Model A,mutated_data,0.77,9012,0.7401,0.6873,0.8483,0.7594,38.537,0.6458,0,0.0,9012,3695,1681,661,2975
test2_model_a_on_mutated_data,Model A,mutated_data,0.78,9012,0.7406,0.6887,0.8453,0.759,38.537,0.6458,0,0.0,9012,3682,1664,674,2992
test2_model_a_on_mutated_data,Model A,mutated_data,0.79,9012,0.742,0.6914,0.8423,0.7594,38.537,0.6458,0,0.0,9012,3669,1638,687,3018
test2_model_a_on_mutated_data,Model A,mutated_data,0.80,9012,0.7426,0.6934,0.8379,0.7588,38.537,0.6458,0,0.0,9012,3650,1614,706,3042
test2_model_a_on_mutated_data,Model A,mutated_data,0.81,9012,0.7429,0.6952,0.8336,0.7581,38.537,0.6458,0,0.0,9012,3631,1592,725,3064
test2_model_a_on_mutated_data,Model A,mutated_data,0.82,9012,0.7447,0.6989,0.8287,0.7583,38.537,0.6458,0,0.0,9012,3610,1555,746,3101
test2_model_a_on_mutated_data,Model A,mutated_data,0.83,9012,0.746,0.7014,0.8262,0.7587,38.537,0.6458,0,0.0,9012,3599,1532,757,3124
test2_model_a_on_mutated_data,Model A,mutated_data,0.84,9012,0.7472,0.7042,0.8225,0.7588,38.537,0.6458,0,0.0,9012,3583,1505,773,3151
test2_model_a_on_mutated_data,Model A,mutated_data,0.85,9012,0.7501,0.7097,0.8173,0.7597,38.537,0.6458,0,0.0,9012,3560,1456,796,3200
test2_model_a_on_mutated_data,Model A,mutated_data,0.86,9012,0.7512,0.7129,0.8124,0.7594,38.537,0.6458,0,0.0,9012,3539,1425,817,3231
test2_model_a_on_mutated_data,Model A,mutated_data,0.87,9012,0.7518,0.716,0.8062,0.7584,38.537,0.6458,0,0.0,9012,3512,1393,844,3263
test2_model_a_on_mutated_data,Model A,mutated_data,0.88,9012,0.7526,0.7207,0.7968,0.7569,38.537,0.6458,0,0.0,9012,3471,1345,885,3311
test2_model_a_on_mutated_data,Model A,mutated_data,0.89,9012,0.7547,0.7267,0.7893,0.7567,38.537,0.6458,0,0.0,9012,3438,1293,918,3363
test2_model_a_on_mutated_data,Model A,mutated_data,0.90,9012,0.7549,0.7314,0.7789,0.7544,38.537,0.6458,0,0.0,9012,3393,1246,963,3410
test2_model_a_on_mutated_data,Model A,mutated_data,0.91,9012,0.7541,0.7366,0.7647,0.7504,38.537,0.6458,0,0.0,9012,3331,1191,1025,3465
test2_model_a_on_mutated_data,Model A,mutated_data,0.92,9012,0.7547,0.744,0.7507,0.7473,38.537,0.6458,0,0.0,9012,3270,1125,1086,3531
test2_model_a_on_mutated_data,Model A,mutated_data,0.93,9012,0.7522,0.7495,0.7321,0.7407,38.537,0.6458,0,0.0,9012,3189,1066,1167,3590
test2_model_a_on_mutated_data,Model A,mutated_data,0.94,9012,0.7503,0.7588,0.7087,0.7329,38.537,0.6458,0,0.0,9012,3087,981,1269,3675
test2_model_a_on_mutated_data,Model A,mutated_data,0.95,9012,0.7442,0.7653,0.6791,0.7196,38.537,0.6458,0,0.0,9012,2958,907,1398,3749
test2_model_a_on_mutated_data,Model A,mutated_data,0.96,9012,0.7367,0.7726,0.6451,0.7031,38.537,0.6458,0,0.0,9012,2810,827,1546,3829
test2_model_a_on_mutated_data,Model A,mutated_data,0.97,9012,0.7246,0.7816,0.5971,0.677,38.537,0.6458,0,0.0,9012,2601,727,1755,3929
test2_model_a_on_mutated_data,Model A,mutated_data,0.98,9012,0.6987,0.7915,0.5115,0.6214,38.537,0.6458,0,0.0,9012,2228,587,2128,4069
test2_model_a_on_mutated_data,Model A,mutated_data,0.99,9012,0.6538,0.8059,0.3737,0.5107,38.537,0.6458,0,0.0,9012,1628,392,2728,4264
test2_model_a_on_mutated_data,Model A,mutated_data,1.00,9012,0.5166,0.0,0.0,0.0,38.537,0.6458,0,0.0,9012,0,0,4356,4656
test3_model_b_on_test,Model B,test,0.00,4808,0.4239,0.4239,1.0,0.5954,78.446,0.4974,1507,0.3134,3301,2038,2770,0,0
test3_model_b_on_test,Model B,test,0.01,4808,0.8887,0.8064,0.9706,0.8809,78.446,0.4974,1507,0.3134,3301,1978,475,60,2295
test3_model_b_on_test,Model B,test,0.02,4808,0.8904,0.81,0.9686,0.8822,78.446,0.4974,1507,0.3134,3301,1974,463,64,2307
test3_model_b_on_test,Model B,test,0.03,4808,0.8908,0.8109,0.9681,0.8826,78.446,0.4974,1507,0.3134,3301,1973,460,65,2310
test3_model_b_on_test,Model B,test,0.04,4808,0.8912,0.8119,0.9676,0.8829,78.446,0.4974,1507,0.3134,3301,1972,457,66,2313
test3_model_b_on_test,Model B,test,0.05,4808,0.8914,0.8122,0.9676,0.8831,78.446,0.4974,1507,0.3134,3301,1972,456,66,2314
test3_model_b_on_test,Model B,test,0.06,4808,0.8916,0.8128,0.9671,0.8833,78.446,0.4974,1507,0.3134,3301,1971,454,67,2316
test3_model_b_on_test,Model B,test,0.07,4808,0.8923,0.8138,0.9671,0.8839,78.446,0.4974,1507,0.3134,3301,1971,451,67,2319
test3_model_b_on_test,Model B,test,0.08,4808,0.8927,0.8145,0.9671,0.8843,78.446,0.4974,1507,0.3134,3301,1971,449,67,2321
test3_model_b_on_test,Model B,test,0.09,4808,0.8931,0.8151,0.9671,0.8846,78.446,0.4974,1507,0.3134,3301,1971,447,67,2323
test3_model_b_on_test,Model B,test,0.10,4808,0.8933,0.8157,0.9666,0.8848,78.446,0.4974,1507,0.3134,3301,1970,445,68,2325
test3_model_b_on_test,Model B,test,0.11,4808,0.8933,0.816,0.9661,0.8847,78.446,0.4974,1507,0.3134,3301,1969,444,69,2326
test3_model_b_on_test,Model B,test,0.12,4808,0.8933,0.816,0.9661,0.8847,78.446,0.4974,1507,0.3134,3301,1969,444,69,2326
test3_model_b_on_test,Model B,test,0.13,4808,0.8929,0.8158,0.9652,0.8842,78.446,0.4974,1507,0.3134,3301,1967,444,71,2326
test3_model_b_on_test,Model B,test,0.14,4808,0.8931,0.8162,0.9652,0.8844,78.446,0.4974,1507,0.3134,3301,1967,443,71,2327
test3_model_b_on_test,Model B,test,0.15,4808,0.8933,0.8165,0.9652,0.8846,78.446,0.4974,1507,0.3134,3301,1967,442,71,2328
test3_model_b_on_test,Model B,test,0.16,4808,0.8933,0.8168,0.9647,0.8846,78.446,0.4974,1507,0.3134,3301,1966,441,72,2329
test3_model_b_on_test,Model B,test,0.17,4808,0.8935,0.8171,0.9647,0.8848,78.446,0.4974,1507,0.3134,3301,1966,440,72,2330
test3_model_b_on_test,Model B,test,0.18,4808,0.8935,0.8171,0.9647,0.8848,78.446,0.4974,1507,0.3134,3301,1966,440,72,2330
test3_model_b_on_test,Model B,test,0.19,4808,0.8939,0.8178,0.9647,0.8852,78.446,0.4974,1507,0.3134,3301,1966,438,72,2332
test3_model_b_on_test,Model B,test,0.20,4808,0.8941,0.8181,0.9647,0.8854,78.446,0.4974,1507,0.3134,3301,1966,437,72,2333
test3_model_b_on_test,Model B,test,0.21,4808,0.8941,0.8181,0.9647,0.8854,78.446,0.4974,1507,0.3134,3301,1966,437,72,2333
test3_model_b_on_test,Model B,test,0.22,4808,0.8943,0.8185,0.9647,0.8856,78.446,0.4974,1507,0.3134,3301,1966,436,72,2334
test3_model_b_on_test,Model B,test,0.23,4808,0.8943,0.8185,0.9647,0.8856,78.446,0.4974,1507,0.3134,3301,1966,436,72,2334
test3_model_b_on_test,Model B,test,0.24,4808,0.8943,0.8185,0.9647,0.8856,78.446,0.4974,1507,0.3134,3301,1966,436,72,2334
test3_model_b_on_test,Model B,test,0.25,4808,0.8943,0.8185,0.9647,0.8856,78.446,0.4974,1507,0.3134,3301,1966,436,72,2334
test3_model_b_on_test,Model B,test,0.26,4808,0.8943,0.8185,0.9647,0.8856,78.446,0.4974,1507,0.3134,3301,1966,436,72,2334
test3_model_b_on_test,Model B,test,0.27,4808,0.8943,0.8185,0.9647,0.8856,78.446,0.4974,1507,0.3134,3301,1966,436,72,2334
test3_model_b_on_test,Model B,test,0.28,4808,0.8943,0.8185,0.9647,0.8856,78.446,0.4974,1507,0.3134,3301,1966,436,72,2334
test3_model_b_on_test,Model B,test,0.29,4808,0.8943,0.8185,0.9647,0.8856,78.446,0.4974,1507,0.3134,3301,1966,436,72,2334
test3_model_b_on_test,Model B,test,0.30,4808,0.8943,0.8185,0.9647,0.8856,78.446,0.4974,1507,0.3134,3301,1966,436,72,2334
test3_model_b_on_test,Model B,test,0.31,4808,0.8943,0.8185,0.9647,0.8856,78.446,0.4974,1507,0.3134,3301,1966,436,72,2334
test3_model_b_on_test,Model B,test,0.32,4808,0.8946,0.8188,0.9647,0.8858,78.446,0.4974,1507,0.3134,3301,1966,435,72,2335
test3_model_b_on_test,Model B,test,0.33,4808,0.8946,0.8188,0.9647,0.8858,78.446,0.4974,1507,0.3134,3301,1966,435,72,2335
test3_model_b_on_test,Model B,test,0.34,4808,0.8946,0.8188,0.9647,0.8858,78.446,0.4974,1507,0.3134,3301,1966,435,72,2335
test3_model_b_on_test,Model B,test,0.35,4808,0.8946,0.8188,0.9647,0.8858,78.446,0.4974,1507,0.3134,3301,1966,435,72,2335
test3_model_b_on_test,Model B,test,0.36,4808,0.8948,0.8192,0.9647,0.886,78.446,0.4974,1507,0.3134,3301,1966,434,72,2336
test3_model_b_on_test,Model B,test,0.37,4808,0.8948,0.8192,0.9647,0.886,78.446,0.4974,1507,0.3134,3301,1966,434,72,2336
test3_model_b_on_test,Model B,test,0.38,4808,0.8948,0.8192,0.9647,0.886,78.446,0.4974,1507,0.3134,3301,1966,434,72,2336
test3_model_b_on_test,Model B,test,0.39,4808,0.895,0.8195,0.9647,0.8862,78.446,0.4974,1507,0.3134,3301,1966,433,72,2337
test3_model_b_on_test,Model B,test,0.40,4808,0.8952,0.8198,0.9647,0.8864,78.446,0.4974,1507,0.3134,3301,1966,432,72,2338
test3_model_b_on_test,Model B,test,0.41,4808,0.8952,0.8198,0.9647,0.8864,78.446,0.4974,1507,0.3134,3301,1966,432,72,2338
test3_model_b_on_test,Model B,test,0.42,4808,0.8954,0.8202,0.9647,0.8866,78.446,0.4974,1507,0.3134,3301,1966,431,72,2339
test3_model_b_on_test,Model B,test,0.43,4808,0.8958,0.8209,0.9647,0.887,78.446,0.4974,1507,0.3134,3301,1966,429,72,2341
test3_model_b_on_test,Model B,test,0.44,4808,0.8958,0.8209,0.9647,0.887,78.446,0.4974,1507,0.3134,3301,1966,429,72,2341
test3_model_b_on_test,Model B,test,0.45,4808,0.8958,0.8209,0.9647,0.887,78.446,0.4974,1507,0.3134,3301,1966,429,72,2341
test3_model_b_on_test,Model B,test,0.46,4808,0.896,0.8212,0.9647,0.8872,78.446,0.4974,1507,0.3134,3301,1966,428,72,2342
test3_model_b_on_test,Model B,test,0.47,4808,0.8964,0.8219,0.9647,0.8876,78.446,0.4974,1507,0.3134,3301,1966,426,72,2344
test3_model_b_on_test,Model B,test,0.48,4808,0.8964,0.8219,0.9647,0.8876,78.446,0.4974,1507,0.3134,3301,1966,426,72,2344
test3_model_b_on_test,Model B,test,0.49,4808,0.8966,0.8223,0.9647,0.8878,78.446,0.4974,1507,0.3134,3301,1966,425,72,2345
test3_model_b_on_test,Model B,test,0.50,4808,0.8966,0.8223,0.9647,0.8878,78.446,0.4974,1507,0.3134,3301,1966,425,72,2345
test3_model_b_on_test,Model B,test,0.51,4808,0.8966,0.8225,0.9642,0.8877,78.446,0.4974,1507,0.3134,3301,1965,424,73,2346
test3_model_b_on_test,Model B,test,0.52,4808,0.8966,0.8225,0.9642,0.8877,78.446,0.4974,1507,0.3134,3301,1965,424,73,2346
test3_model_b_on_test,Model B,test,0.53,4808,0.8966,0.8225,0.9642,0.8877,78.446,0.4974,1507,0.3134,3301,1965,424,73,2346
test3_model_b_on_test,Model B,test,0.54,4808,0.8964,0.8224,0.9637,0.8875,78.446,0.4974,1507,0.3134,3301,1964,424,74,2346
test3_model_b_on_test,Model B,test,0.55,4808,0.8964,0.8224,0.9637,0.8875,78.446,0.4974,1507,0.3134,3301,1964,424,74,2346
test3_model_b_on_test,Model B,test,0.56,4808,0.8964,0.8224,0.9637,0.8875,78.446,0.4974,1507,0.3134,3301,1964,424,74,2346
test3_model_b_on_test,Model B,test,0.57,4808,0.8966,0.8228,0.9637,0.8877,78.446,0.4974,1507,0.3134,3301,1964,423,74,2347
test3_model_b_on_test,Model B,test,0.58,4808,0.8966,0.8228,0.9637,0.8877,78.446,0.4974,1507,0.3134,3301,1964,423,74,2347
test3_model_b_on_test,Model B,test,0.59,4808,0.8966,0.8228,0.9637,0.8877,78.446,0.4974,1507,0.3134,3301,1964,423,74,2347
test3_model_b_on_test,Model B,test,0.60,4808,0.8968,0.8231,0.9637,0.8879,78.446,0.4974,1507,0.3134,3301,1964,422,74,2348
test3_model_b_on_test,Model B,test,0.61,4808,0.8968,0.8231,0.9637,0.8879,78.446,0.4974,1507,0.3134,3301,1964,422,74,2348
test3_model_b_on_test,Model B,test,0.62,4808,0.8968,0.8231,0.9637,0.8879,78.446,0.4974,1507,0.3134,3301,1964,422,74,2348
test3_model_b_on_test,Model B,test,0.63,4808,0.8968,0.8231,0.9637,0.8879,78.446,0.4974,1507,0.3134,3301,1964,422,74,2348
test3_model_b_on_test,Model B,test,0.64,4808,0.8968,0.8231,0.9637,0.8879,78.446,0.4974,1507,0.3134,3301,1964,422,74,2348
test3_model_b_on_test,Model B,test,0.65,4808,0.8968,0.8231,0.9637,0.8879,78.446,0.4974,1507,0.3134,3301,1964,422,74,2348
test3_model_b_on_test,Model B,test,0.66,4808,0.8964,0.823,0.9627,0.8874,78.446,0.4974,1507,0.3134,3301,1962,422,76,2348
test3_model_b_on_test,Model B,test,0.67,4808,0.8966,0.8233,0.9627,0.8876,78.446,0.4974,1507,0.3134,3301,1962,421,76,2349
test3_model_b_on_test,Model B,test,0.68,4808,0.8966,0.8233,0.9627,0.8876,78.446,0.4974,1507,0.3134,3301,1962,421,76,2349
test3_model_b_on_test,Model B,test,0.69,4808,0.8966,0.8233,0.9627,0.8876,78.446,0.4974,1507,0.3134,3301,1962,421,76,2349
test3_model_b_on_test,Model B,test,0.70,4808,0.8966,0.8233,0.9627,0.8876,78.446,0.4974,1507,0.3134,3301,1962,421,76,2349
test3_model_b_on_test,Model B,test,0.71,4808,0.897,0.824,0.9627,0.888,78.446,0.4974,1507,0.3134,3301,1962,419,76,2351
test3_model_b_on_test,Model B,test,0.72,4808,0.897,0.824,0.9627,0.888,78.446,0.4974,1507,0.3134,3301,1962,419,76,2351
test3_model_b_on_test,Model B,test,0.73,4808,0.8973,0.8244,0.9627,0.8882,78.446,0.4974,1507,0.3134,3301,1962,418,76,2352
test3_model_b_on_test,Model B,test,0.74,4808,0.897,0.8243,0.9622,0.8879,78.446,0.4974,1507,0.3134,3301,1961,418,77,2352
test3_model_b_on_test,Model B,test,0.75,4808,0.897,0.8243,0.9622,0.8879,78.446,0.4974,1507,0.3134,3301,1961,418,77,2352
test3_model_b_on_test,Model B,test,0.76,4808,0.897,0.8243,0.9622,0.8879,78.446,0.4974,1507,0.3134,3301,1961,418,77,2352
test3_model_b_on_test,Model B,test,0.77,4808,0.8973,0.8246,0.9622,0.8881,78.446,0.4974,1507,0.3134,3301,1961,417,77,2353
test3_model_b_on_test,Model B,test,0.78,4808,0.8977,0.8253,0.9622,0.8885,78.446,0.4974,1507,0.3134,3301,1961,415,77,2355
test3_model_b_on_test,Model B,test,0.79,4808,0.8981,0.826,0.9622,0.8889,78.446,0.4974,1507,0.3134,3301,1961,413,77,2357
test3_model_b_on_test,Model B,test,0.80,4808,0.8979,0.826,0.9617,0.8887,78.446,0.4974,1507,0.3134,3301,1960,413,78,2357
test3_model_b_on_test,Model B,test,0.81,4808,0.8983,0.8267,0.9617,0.8891,78.446,0.4974,1507,0.3134,3301,1960,411,78,2359
test3_model_b_on_test,Model B,test,0.82,4808,0.8983,0.8267,0.9617,0.8891,78.446,0.4974,1507,0.3134,3301,1960,411,78,2359
test3_model_b_on_test,Model B,test,0.83,4808,0.8983,0.8267,0.9617,0.8891,78.446,0.4974,1507,0.3134,3301,1960,411,78,2359
test3_model_b_on_test,Model B,test,0.84,4808,0.8983,0.8267,0.9617,0.8891,78.446,0.4974,1507,0.3134,3301,1960,411,78,2359
test3_model_b_on_test,Model B,test,0.85,4808,0.8985,0.827,0.9617,0.8893,78.446,0.4974,1507,0.3134,3301,1960,410,78,2360
test3_model_b_on_test,Model B,test,0.86,4808,0.8987,0.8274,0.9617,0.8895,78.446,0.4974,1507,0.3134,3301,1960,409,78,2361
test3_model_b_on_test,Model B,test,0.87,4808,0.8987,0.8274,0.9617,0.8895,78.446,0.4974,1507,0.3134,3301,1960,409,78,2361
test3_model_b_on_test,Model B,test,0.88,4808,0.8989,0.8277,0.9617,0.8897,78.446,0.4974,1507,0.3134,3301,1960,408,78,2362
test3_model_b_on_test,Model B,test,0.89,4808,0.8989,0.8277,0.9617,0.8897,78.446,0.4974,1507,0.3134,3301,1960,408,78,2362
test3_model_b_on_test,Model B,test,0.90,4808,0.8989,0.828,0.9612,0.8896,78.446,0.4974,1507,0.3134,3301,1959,407,79,2363
test3_model_b_on_test,Model B,test,0.91,4808,0.8991,0.8283,0.9612,0.8898,78.446,0.4974,1507,0.3134,3301,1959,406,79,2364
test3_model_b_on_test,Model B,test,0.92,4808,0.8989,0.8283,0.9607,0.8896,78.446,0.4974,1507,0.3134,3301,1958,406,80,2364
test3_model_b_on_test,Model B,test,0.93,4808,0.8987,0.8282,0.9603,0.8893,78.446,0.4974,1507,0.3134,3301,1957,406,81,2364
test3_model_b_on_test,Model B,test,0.94,4808,0.8991,0.8289,0.9603,0.8897,78.446,0.4974,1507,0.3134,3301,1957,404,81,2366
test3_model_b_on_test,Model B,test,0.95,4808,0.8995,0.8296,0.9603,0.8902,78.446,0.4974,1507,0.3134,3301,1957,402,81,2368
test3_model_b_on_test,Model B,test,0.96,4808,0.9002,0.8306,0.9603,0.8908,78.446,0.4974,1507,0.3134,3301,1957,399,81,2371
test3_model_b_on_test,Model B,test,0.97,4808,0.9,0.8311,0.9588,0.8904,78.446,0.4974,1507,0.3134,3301,1954,397,84,2373
test3_model_b_on_test,Model B,test,0.98,4808,0.9002,0.8321,0.9578,0.8905,78.446,0.4974,1507,0.3134,3301,1952,394,86,2376
test3_model_b_on_test,Model B,test,0.99,4808,0.9002,0.8323,0.9573,0.8905,78.446,0.4974,1507,0.3134,3301,1951,393,87,2377
test3_model_b_on_test,Model B,test,1.00,4808,0.7689,0.8076,0.5972,0.6866,78.446,0.4974,1507,0.3134,3301,1217,290,821,2480
test4_model_b_on_mutated_data,Model B,mutated_data,0.00,9012,0.4834,0.4834,1.0,0.6517,55.193,0.9904,656,0.0728,8356,4356,4656,0,0
test4_model_b_on_mutated_data,Model B,mutated_data,0.01,9012,0.489,0.4861,1.0,0.6542,55.193,0.9904,656,0.0728,8356,4356,4605,0,51
test4_model_b_on_mutated_data,Model B,mutated_data,0.02,9012,0.4899,0.4865,1.0,0.6546,55.193,0.9904,656,0.0728,8356,4356,4597,0,59
test4_model_b_on_mutated_data,Model B,mutated_data,0.03,9012,0.4901,0.4866,1.0,0.6547,55.193,0.9904,656,0.0728,8356,4356,4595,0,61
test4_model_b_on_mutated_data,Model B,mutated_data,0.04,9012,0.4902,0.4867,1.0,0.6547,55.193,0.9904,656,0.0728,8356,4356,4594,0,62
test4_model_b_on_mutated_data,Model B,mutated_data,0.05,9012,0.4902,0.4867,1.0,0.6547,55.193,0.9904,656,0.0728,8356,4356,4594,0,62
test4_model_b_on_mutated_data,Model B,mutated_data,0.06,9012,0.4905,0.4868,1.0,0.6548,55.193,0.9904,656,0.0728,8356,4356,4592,0,64
test4_model_b_on_mutated_data,Model B,mutated_data,0.07,9012,0.4906,0.4869,1.0,0.6549,55.193,0.9904,656,0.0728,8356,4356,4591,0,65
test4_model_b_on_mutated_data,Model B,mutated_data,0.08,9012,0.4907,0.4869,1.0,0.6549,55.193,0.9904,656,0.0728,8356,4356,4590,0,66
test4_model_b_on_mutated_data,Model B,mutated_data,0.09,9012,0.4908,0.487,1.0,0.655,55.193,0.9904,656,0.0728,8356,4356,4589,0,67
test4_model_b_on_mutated_data,Model B,mutated_data,0.10,9012,0.4909,0.487,1.0,0.655,55.193,0.9904,656,0.0728,8356,4356,4588,0,68
test4_model_b_on_mutated_data,Model B,mutated_data,0.11,9012,0.4909,0.487,1.0,0.655,55.193,0.9904,656,0.0728,8356,4356,4588,0,68
test4_model_b_on_mutated_data,Model B,mutated_data,0.12,9012,0.4911,0.4871,1.0,0.6551,55.193,0.9904,656,0.0728,8356,4356,4586,0,70
test4_model_b_on_mutated_data,Model B,mutated_data,0.13,9012,0.4912,0.4872,1.0,0.6552,55.193,0.9904,656,0.0728,8356,4356,4585,0,71
test4_model_b_on_mutated_data,Model B,mutated_data,0.14,9012,0.4912,0.4872,1.0,0.6552,55.193,0.9904,656,0.0728,8356,4356,4585,0,71
test4_model_b_on_mutated_data,Model B,mutated_data,0.15,9012,0.4912,0.4872,1.0,0.6552,55.193,0.9904,656,0.0728,8356,4356,4585,0,71
test4_model_b_on_mutated_data,Model B,mutated_data,0.16,9012,0.4913,0.4872,1.0,0.6552,55.193,0.9904,656,0.0728,8356,4356,4584,0,72
test4_model_b_on_mutated_data,Model B,mutated_data,0.17,9012,0.4916,0.4874,1.0,0.6553,55.193,0.9904,656,0.0728,8356,4356,4582,0,74
test4_model_b_on_mutated_data,Model B,mutated_data,0.18,9012,0.4917,0.4874,1.0,0.6554,55.193,0.9904,656,0.0728,8356,4356,4581,0,75
test4_model_b_on_mutated_data,Model B,mutated_data,0.19,9012,0.4917,0.4874,1.0,0.6554,55.193,0.9904,656,0.0728,8356,4356,4581,0,75
test4_model_b_on_mutated_data,Model B,mutated_data,0.20,9012,0.4917,0.4874,1.0,0.6554,55.193,0.9904,656,0.0728,8356,4356,4581,0,75
test4_model_b_on_mutated_data,Model B,mutated_data,0.21,9012,0.4918,0.4875,1.0,0.6554,55.193,0.9904,656,0.0728,8356,4356,4580,0,76
test4_model_b_on_mutated_data,Model B,mutated_data,0.22,9012,0.4919,0.4875,1.0,0.6555,55.193,0.9904,656,0.0728,8356,4356,4579,0,77
test4_model_b_on_mutated_data,Model B,mutated_data,0.23,9012,0.492,0.4876,1.0,0.6555,55.193,0.9904,656,0.0728,8356,4356,4578,0,78
test4_model_b_on_mutated_data,Model B,mutated_data,0.24,9012,0.4921,0.4876,1.0,0.6556,55.193,0.9904,656,0.0728,8356,4356,4577,0,79
test4_model_b_on_mutated_data,Model B,mutated_data,0.25,9012,0.4921,0.4876,1.0,0.6556,55.193,0.9904,656,0.0728,8356,4356,4577,0,79
test4_model_b_on_mutated_data,Model B,mutated_data,0.26,9012,0.4921,0.4876,1.0,0.6556,55.193,0.9904,656,0.0728,8356,4356,4577,0,79
test4_model_b_on_mutated_data,Model B,mutated_data,0.27,9012,0.4921,0.4876,1.0,0.6556,55.193,0.9904,656,0.0728,8356,4356,4577,0,79
test4_model_b_on_mutated_data,Model B,mutated_data,0.28,9012,0.4921,0.4876,1.0,0.6556,55.193,0.9904,656,0.0728,8356,4356,4577,0,79
test4_model_b_on_mutated_data,Model B,mutated_data,0.29,9012,0.4921,0.4876,1.0,0.6556,55.193,0.9904,656,0.0728,8356,4356,4577,0,79
test4_model_b_on_mutated_data,Model B,mutated_data,0.30,9012,0.4922,0.4877,1.0,0.6556,55.193,0.9904,656,0.0728,8356,4356,4576,0,80
test4_model_b_on_mutated_data,Model B,mutated_data,0.31,9012,0.4922,0.4877,1.0,0.6556,55.193,0.9904,656,0.0728,8356,4356,4576,0,80
test4_model_b_on_mutated_data,Model B,mutated_data,0.32,9012,0.4922,0.4877,1.0,0.6556,55.193,0.9904,656,0.0728,8356,4356,4576,0,80
test4_model_b_on_mutated_data,Model B,mutated_data,0.33,9012,0.4922,0.4877,1.0,0.6556,55.193,0.9904,656,0.0728,8356,4356,4576,0,80
test4_model_b_on_mutated_data,Model B,mutated_data,0.34,9012,0.4922,0.4877,1.0,0.6556,55.193,0.9904,656,0.0728,8356,4356,4576,0,80
test4_model_b_on_mutated_data,Model B,mutated_data,0.35,9012,0.4925,0.4878,1.0,0.6557,55.193,0.9904,656,0.0728,8356,4356,4574,0,82
test4_model_b_on_mutated_data,Model B,mutated_data,0.36,9012,0.4925,0.4878,1.0,0.6557,55.193,0.9904,656,0.0728,8356,4356,4574,0,82
test4_model_b_on_mutated_data,Model B,mutated_data,0.37,9012,0.4925,0.4878,1.0,0.6557,55.193,0.9904,656,0.0728,8356,4356,4574,0,82
test4_model_b_on_mutated_data,Model B,mutated_data,0.38,9012,0.4926,0.4878,1.0,0.6558,55.193,0.9904,656,0.0728,8356,4356,4573,0,83
test4_model_b_on_mutated_data,Model B,mutated_data,0.39,9012,0.4927,0.4879,1.0,0.6558,55.193,0.9904,656,0.0728,8356,4356,4572,0,84
test4_model_b_on_mutated_data,Model B,mutated_data,0.40,9012,0.4928,0.488,1.0,0.6559,55.193,0.9904,656,0.0728,8356,4356,4571,0,85
test4_model_b_on_mutated_data,Model B,mutated_data,0.41,9012,0.4928,0.488,1.0,0.6559,55.193,0.9904,656,0.0728,8356,4356,4571,0,85
test4_model_b_on_mutated_data,Model B,mutated_data,0.42,9012,0.4929,0.488,1.0,0.6559,55.193,0.9904,656,0.0728,8356,4356,4570,0,86
test4_model_b_on_mutated_data,Model B,mutated_data,0.43,9012,0.4929,0.488,1.0,0.6559,55.193,0.9904,656,0.0728,8356,4356,4570,0,86
test4_model_b_on_mutated_data,Model B,mutated_data,0.44,9012,0.4929,0.488,1.0,0.6559,55.193,0.9904,656,0.0728,8356,4356,4570,0,86
test4_model_b_on_mutated_data,Model B,mutated_data,0.45,9012,0.4929,0.488,1.0,0.6559,55.193,0.9904,656,0.0728,8356,4356,4570,0,86
test4_model_b_on_mutated_data,Model B,mutated_data,0.46,9012,0.4929,0.488,1.0,0.6559,55.193,0.9904,656,0.0728,8356,4356,4570,0,86
test4_model_b_on_mutated_data,Model B,mutated_data,0.47,9012,0.4929,0.488,1.0,0.6559,55.193,0.9904,656,0.0728,8356,4356,4570,0,86
test4_model_b_on_mutated_data,Model B,mutated_data,0.48,9012,0.4929,0.488,1.0,0.6559,55.193,0.9904,656,0.0728,8356,4356,4570,0,86
test4_model_b_on_mutated_data,Model B,mutated_data,0.49,9012,0.4929,0.488,1.0,0.6559,55.193,0.9904,656,0.0728,8356,4356,4570,0,86
test4_model_b_on_mutated_data,Model B,mutated_data,0.50,9012,0.4929,0.488,1.0,0.6559,55.193,0.9904,656,0.0728,8356,4356,4570,0,86
test4_model_b_on_mutated_data,Model B,mutated_data,0.51,9012,0.4929,0.488,1.0,0.6559,55.193,0.9904,656,0.0728,8356,4356,4570,0,86
test4_model_b_on_mutated_data,Model B,mutated_data,0.52,9012,0.4929,0.488,1.0,0.6559,55.193,0.9904,656,0.0728,8356,4356,4570,0,86
test4_model_b_on_mutated_data,Model B,mutated_data,0.53,9012,0.4931,0.4881,1.0,0.656,55.193,0.9904,656,0.0728,8356,4356,4568,0,88
test4_model_b_on_mutated_data,Model B,mutated_data,0.54,9012,0.4932,0.4882,1.0,0.6561,55.193,0.9904,656,0.0728,8356,4356,4567,0,89
test4_model_b_on_mutated_data,Model B,mutated_data,0.55,9012,0.4932,0.4882,1.0,0.6561,55.193,0.9904,656,0.0728,8356,4356,4567,0,89
test4_model_b_on_mutated_data,Model B,mutated_data,0.56,9012,0.4932,0.4882,1.0,0.6561,55.193,0.9904,656,0.0728,8356,4356,4567,0,89
test4_model_b_on_mutated_data,Model B,mutated_data,0.57,9012,0.4932,0.4882,1.0,0.6561,55.193,0.9904,656,0.0728,8356,4356,4567,0,89
test4_model_b_on_mutated_data,Model B,mutated_data,0.58,9012,0.4933,0.4882,1.0,0.6561,55.193,0.9904,656,0.0728,8356,4356,4566,0,90
test4_model_b_on_mutated_data,Model B,mutated_data,0.59,9012,0.4935,0.4883,1.0,0.6562,55.193,0.9904,656,0.0728,8356,4356,4565,0,91
test4_model_b_on_mutated_data,Model B,mutated_data,0.60,9012,0.4935,0.4883,1.0,0.6562,55.193,0.9904,656,0.0728,8356,4356,4565,0,91
test4_model_b_on_mutated_data,Model B,mutated_data,0.61,9012,0.4937,0.4884,1.0,0.6563,55.193,0.9904,656,0.0728,8356,4356,4563,0,93
test4_model_b_on_mutated_data,Model B,mutated_data,0.62,9012,0.4937,0.4884,1.0,0.6563,55.193,0.9904,656,0.0728,8356,4356,4563,0,93
test4_model_b_on_mutated_data,Model B,mutated_data,0.63,9012,0.4937,0.4884,1.0,0.6563,55.193,0.9904,656,0.0728,8356,4356,4563,0,93
test4_model_b_on_mutated_data,Model B,mutated_data,0.64,9012,0.4937,0.4884,1.0,0.6563,55.193,0.9904,656,0.0728,8356,4356,4563,0,93
test4_model_b_on_mutated_data,Model B,mutated_data,0.65,9012,0.4937,0.4884,1.0,0.6563,55.193,0.9904,656,0.0728,8356,4356,4563,0,93
test4_model_b_on_mutated_data,Model B,mutated_data,0.66,9012,0.4937,0.4884,1.0,0.6563,55.193,0.9904,656,0.0728,8356,4356,4563,0,93
test4_model_b_on_mutated_data,Model B,mutated_data,0.67,9012,0.4938,0.4885,1.0,0.6563,55.193,0.9904,656,0.0728,8356,4356,4562,0,94
test4_model_b_on_mutated_data,Model B,mutated_data,0.68,9012,0.4938,0.4885,1.0,0.6563,55.193,0.9904,656,0.0728,8356,4356,4562,0,94
test4_model_b_on_mutated_data,Model B,mutated_data,0.69,9012,0.4938,0.4885,1.0,0.6563,55.193,0.9904,656,0.0728,8356,4356,4562,0,94
test4_model_b_on_mutated_data,Model B,mutated_data,0.70,9012,0.4938,0.4885,1.0,0.6563,55.193,0.9904,656,0.0728,8356,4356,4562,0,94
test4_model_b_on_mutated_data,Model B,mutated_data,0.71,9012,0.4938,0.4885,1.0,0.6563,55.193,0.9904,656,0.0728,8356,4356,4562,0,94
test4_model_b_on_mutated_data,Model B,mutated_data,0.72,9012,0.4939,0.4885,1.0,0.6564,55.193,0.9904,656,0.0728,8356,4356,4561,0,95
test4_model_b_on_mutated_data,Model B,mutated_data,0.73,9012,0.4939,0.4885,1.0,0.6564,55.193,0.9904,656,0.0728,8356,4356,4561,0,95
test4_model_b_on_mutated_data,Model B,mutated_data,0.74,9012,0.4939,0.4885,1.0,0.6564,55.193,0.9904,656,0.0728,8356,4356,4561,0,95
test4_model_b_on_mutated_data,Model B,mutated_data,0.75,9012,0.4939,0.4885,1.0,0.6564,55.193,0.9904,656,0.0728,8356,4356,4561,0,95
test4_model_b_on_mutated_data,Model B,mutated_data,0.76,9012,0.4941,0.4886,1.0,0.6565,55.193,0.9904,656,0.0728,8356,4356,4559,0,97
test4_model_b_on_mutated_data,Model B,mutated_data,0.77,9012,0.4942,0.4887,1.0,0.6565,55.193,0.9904,656,0.0728,8356,4356,4558,0,98
test4_model_b_on_mutated_data,Model B,mutated_data,0.78,9012,0.4942,0.4887,1.0,0.6565,55.193,0.9904,656,0.0728,8356,4356,4558,0,98
test4_model_b_on_mutated_data,Model B,mutated_data,0.79,9012,0.4942,0.4887,1.0,0.6565,55.193,0.9904,656,0.0728,8356,4356,4558,0,98
test4_model_b_on_mutated_data,Model B,mutated_data,0.80,9012,0.4942,0.4887,1.0,0.6565,55.193,0.9904,656,0.0728,8356,4356,4558,0,98
test4_model_b_on_mutated_data,Model B,mutated_data,0.81,9012,0.4942,0.4887,1.0,0.6565,55.193,0.9904,656,0.0728,8356,4356,4558,0,98
test4_model_b_on_mutated_data,Model B,mutated_data,0.82,9012,0.4942,0.4887,1.0,0.6565,55.193,0.9904,656,0.0728,8356,4356,4558,0,98
test4_model_b_on_mutated_data,Model B,mutated_data,0.83,9012,0.4942,0.4887,1.0,0.6565,55.193,0.9904,656,0.0728,8356,4356,4558,0,98
test4_model_b_on_mutated_data,Model B,mutated_data,0.84,9012,0.4942,0.4887,1.0,0.6565,55.193,0.9904,656,0.0728,8356,4356,4558,0,98
test4_model_b_on_mutated_data,Model B,mutated_data,0.85,9012,0.4943,0.4887,1.0,0.6566,55.193,0.9904,656,0.0728,8356,4356,4557,0,99
test4_model_b_on_mutated_data,Model B,mutated_data,0.86,9012,0.4943,0.4887,1.0,0.6566,55.193,0.9904,656,0.0728,8356,4356,4557,0,99
test4_model_b_on_mutated_data,Model B,mutated_data,0.87,9012,0.4943,0.4887,1.0,0.6566,55.193,0.9904,656,0.0728,8356,4356,4557,0,99
test4_model_b_on_mutated_data,Model B,mutated_data,0.88,9012,0.4946,0.4888,1.0,0.6567,55.193,0.9904,656,0.0728,8356,4356,4555,0,101
test4_model_b_on_mutated_data,Model B,mutated_data,0.89,9012,0.4946,0.4888,1.0,0.6567,55.193,0.9904,656,0.0728,8356,4356,4555,0,101
test4_model_b_on_mutated_data,Model B,mutated_data,0.90,9012,0.4947,0.4889,1.0,0.6567,55.193,0.9904,656,0.0728,8356,4356,4554,0,102
test4_model_b_on_mutated_data,Model B,mutated_data,0.91,9012,0.4949,0.489,1.0,0.6568,55.193,0.9904,656,0.0728,8356,4356,4552,0,104
test4_model_b_on_mutated_data,Model B,mutated_data,0.92,9012,0.495,0.4891,1.0,0.6569,55.193,0.9904,656,0.0728,8356,4356,4551,0,105
test4_model_b_on_mutated_data,Model B,mutated_data,0.93,9012,0.4951,0.4891,1.0,0.6569,55.193,0.9904,656,0.0728,8356,4356,4550,0,106
test4_model_b_on_mutated_data,Model B,mutated_data,0.94,9012,0.4951,0.4891,1.0,0.6569,55.193,0.9904,656,0.0728,8356,4356,4550,0,106
test4_model_b_on_mutated_data,Model B,mutated_data,0.95,9012,0.4951,0.4891,1.0,0.6569,55.193,0.9904,656,0.0728,8356,4356,4550,0,106
test4_model_b_on_mutated_data,Model B,mutated_data,0.96,9012,0.4952,0.4892,1.0,0.657,55.193,0.9904,656,0.0728,8356,4356,4549,0,107
test4_model_b_on_mutated_data,Model B,mutated_data,0.97,9012,0.4953,0.4892,1.0,0.657,55.193,0.9904,656,0.0728,8356,4356,4548,0,108
test4_model_b_on_mutated_data,Model B,mutated_data,0.98,9012,0.4957,0.4894,1.0,0.6572,55.193,0.9904,656,0.0728,8356,4356,4545,0,111
test4_model_b_on_mutated_data,Model B,mutated_data,0.99,9012,0.4963,0.4897,1.0,0.6575,55.193,0.9904,656,0.0728,8356,4356,4539,0,117
test4_model_b_on_mutated_data,Model B,mutated_data,1.00,9012,0.5617,0.8095,0.1219,0.2119,55.193,0.9904,656,0.0728,8356,531,125,3825,4531
